sample_name,Group Number,Food Type,Date
491,26,Apple,4/21/18
483,20,BagelAndCereal,4/19/18
424,3,Beans,4/14/18
382,26,Beef,3/30/18
458,3,BeefCurry,4/15/18
324,3,bhindi,3/26/18
515,26,Biryani,4/23/18
520,26,BlackBeans,4/23/18
366,3,Black Coffee,3/27/18
442,3,Black Coffee,4/14/18
443,3,Black Coffee,4/15/18
526,26,Blueberry Muffins,4/23/18
337,3,Boiled Egg,3/27/18
422,3,Boiled Eggs,4/13/18
423,3,Boiled Eggs,4/14/18
389,26,bread,3/29/18
383,26,bread,3/30/18
420,3,Bread,4/13/18
416,3,Bread,4/14/18
444,3,BreadPeanutButter,4/14/18
406,26,BreadWithSugar,3/29/18
468,3,BrinjalCurry,4/15/18
426,3,BrinjalRice,4/14/18
60,21,broccoli with shrimp,3/19/18
351,3,BrownRice,3/26/18
349,3,BrownRice,3/27/18
385,26,BrownRice,3/30/18
338,3,ButterToast,3/27/18
509,26,Buttermilk,4/21/18
377,26,califlower,3/30/18
451,3,CapsicumCurry,4/14/18
452,3,CapsicumCurry,4/15/18
485,20,CauliflowerManchurian,4/20/18
512,26,cheeseCake,4/29/18
508,26,cheeseSandwich,4/21/18
329,3,chicken,3/26/18
59,21,chicken,3/26/18
388,26,chicken,3/29/18
410,3,Chicken,4/13/18
414,3,Chicken,4/14/18
479,20,ChickenBiriyani,4/18/18
353,3,ChickenCurry1,3/26/18
341,3,ChickenCurry2,3/27/18
350,3,ChickenCurry3,3/27/18
477,20,ChickenCurry4,4/18/18
362,3,ChickenMasala,3/27/18
332,3,ChickenSpicy,3/26/18
475,20,ChickenCurry5,4/18/18
505,26,chips,4/21/18
339,3,ChocolateMilk,3/27/18
529,26,ChocolateMilk,4/23/18
331,3,CholaMasala,3/26/18
314,3,ChowMein,3/26/18
427,3,CoconutRice,4/14/18
408,0,coffee,3/29/18
411,3,Corn,4/13/18
467,3,CornMushroom,4/22/18
440,3,Cornflakes,4/14/18
441,3,Cornflakes,4/15/18
459,3,Crispy Chicken,4/15/18
379,26,curd,3/30/18
317,3,daal,3/26/18
409,3,Daal,4/13/18
376,26,Daal,3/30/18
521,26,Daal,4/23/18
438,3,Dessert,4/14/18
439,3,Dessert,4/15/18
500,26,DicedOnions,4/21/18
386,26,donut,3/30/18
428,3,EggCurry,4/14/18
63,21,Eggs,3/19/18
456,3,FishDry,4/15/18
527,26,french vanilla ice cream,4/23/18
356,3,FriedRice,3/26/18
348,3,FriedRice,3/27/18
455,3,FriedRice,4/14/18
454,3,FriedRice,4/15/18
62,21,FriedLettuce,3/19/18
481,20,Fruits,4/19/18
524,26,Grapes,4/23/18
413,3,Gulab Jamoon,4/13/18
396,26,JaggeryFudge,3/29/18
511,26,JaggeryFudge,4/21/18
318,3,JeeraRice,3/26/18
393,26,Kheer,3/29/18
502,26,kidneyBeans,4/21/18
316,3,KungPaoChicken,3/26/18
347,3,KungPaoChicken,3/27/18
531,26,lenthilSoup,4/23/18
530,26,lenthilSoup,4/23/18
364,3,Maggie,3/27/18
516,26,Mango,4/23/18
369,3,MangoYogurt,3/27/18
525,26,MarbleCreamCake,4/23/18
343,3,MasalaPeas,3/27/18
401,26,MashedPotatoes,3/29/18
367,3,MethiParatha,3/27/18
320,3,Milk,3/26/18
384,26,milk,3/30/18
528,26,MilkChocolate,4/23/18
322,3,MixedVeggies,3/26/18
514,26,Muffins,4/22/18
431,3,Mushroom,4/13/18
430,3,Mushroom,4/14/18
432,3,Mushroom,4/15/18
361,3,MuttonCurry,3/27/18
417,3,Namkeen,4/14/18
344,3,Nimki,3/27/18
357,3,Noodles,3/27/18
453,3,Noodles,4/15/18
365,3,OatMeal,3/27/18
412,3,OatMeal,4/13/18
487,20,OatMeal,4/20/18
404,26,Oats,3/29/18
473,20,Oamlette,4/17/18
506,26,Oamlette,4/21/18
319,3,Oamlette,3/26/18
461,3,Oamlette,4/14/18
463,3,Oamlette,4/14/18
462,3,Oamlette,4/15/18
464,3,Oamlette,4/15/18
492,26,Orange,4/21/18
315,3,OrangeChicken,3/26/18
484,20,Pakoda,4/19/18
312,3,paneer,3/24/18
354,3,Papad,3/26/18
335,3,Papad,3/27/18
346,3,PapperChicken,3/27/18
399,26,Paratha,3/29/18
445,3,PeanutButter,4/14/18
313,3,pickle,3/24/18
368,3,pickle,3/27/18
436,3,Pizza,4/13/18
415,3,Pizza,4/14/18
437,3,Pizza,4/15/18
478,20,PorkRice,4/18/18
501,26,potato,4/21/18
374,26,PotatoBeans,3/30/18
449,3,Potato Capsicum,4/14/18
359,3,PotatoCurry,3/27/18
448,3,PotatoCurry,4/14/18
450,3,PotatoCurry,4/15/18
474,20,PotatoCurry,4/18/18
363,3,PotatoFries,3/27/18
532,26,PotatoSalad,4/23/18
402,26,PotatoSalad,3/29/18
419,3,pulav,4/14/18
390,26,pulav,3/29/18
310,3,pulavPaneer,3/24/18
433,3,Raita,4/13/18
434,3,Raita,4/14/18
435,3,Raita,4/15/18
64,21,Rice,3/19/18
488,26,Rice,4/20/18
327,3,Roti,3/26/18
391,26,roti,3/29/18
378,26,roti,3/30/18
425,3,Roti,4/14/18
429,3,roti,4/14/18
407,26,Salad,3/29/18
494,26,Salad,4/21/18
392,26,salas,3/29/18
325,3,Sambar,3/26/18
358,3,Sambar,3/27/18
334,3,SamosaChatt,3/27/18
326,3,Samosha,3/26/18
447,3,Sandwich,4/13/18
446,3,Sandwich,4/14/18
471,20,sandwich,4/17/18
482,20,sandwich,4/19/18
336,3,ScrambledEggs,3/27/18
465,3,ScrambledEggs,4/13/18
466,3,ScrambledEggs,4/15/18
61,21,ScrambledEggs,3/19/18
352,3,Shrimp,3/26/18
355,3,Shrimp,3/27/18
330,3,Spicy Carrot,3/26/18
517,26,Strawberry,4/23/18
381,26,sweet potato,3/30/18
328,3,Sweet Potato Fry,3/26/18
345,3,Sweets,3/27/18
490,26,Tea,4/20/18
513,26,test,4/22/18
321,3,toast,3/26/18
421,3,Toast,4/13/18
460,3,Toast,4/15/18
333,3,Toast 2,3/26/18
499,26,Tomato,4/21/18
375,26,Tomato,3/30/18
522,26,Tomato,4/23/18
523,26,vanillaCreamCake,4/23/18
457,3,VegCurry,4/15/18
480,20,VegCurry,4/19/18
519,26,VegCurry,4/23/18
486,20,whitePeas,4/20/18
323,3,whiteRice,3/26/18
360,3,whiteRice,3/27/18
342,3,whiteRice,3/27/18
370,3,YellowDaal,3/26/18
340,3,YellowDaal,3/27/18
380,26,yogurt,3/30/18
418,3,Yogurt,4/14/18
493,26,Yogurt,4/21/18
