curd,3/30/18
BlackBeans,4/23/18
broccoli with shrimp,3/19/18
Boiled Egg,3/27/18
PotatoBeans,3/30/18
roti,4/14/18
Spicy Carrot,3/26/18
Kheer,3/29/18
Strawberry,4/23/18
OatMeal,4/13/18
whiteRice,3/26/18
Beef,3/30/18
chips,4/21/18
Oamlette,4/17/18
salas,3/29/18
ScrambledEggs,3/27/18
Noodles,3/27/18
Cornflakes,4/15/18
Papad,3/27/18
CauliflowerManchurian,4/20/18
FriedRice,4/15/18
PotatoCurry,4/18/18
ChowMein,3/26/18
Muffins,4/22/18
Namkeen,4/14/18
ScrambledEggs,4/13/18
sweet potato,3/30/18
Salad,4/21/18
FriedRice,3/27/18
daal,3/26/18
JaggeryFudge,3/29/18
yogurt,3/30/18
Noodles,4/15/18
Papad,3/26/18
YellowDaal,3/27/18
KungPaoChicken,3/27/18
Yogurt,4/21/18
CapsicumCurry,4/15/18
PeanutButter,4/14/18
Apple,4/21/18
Mushroom,4/13/18
ScrambledEggs,3/19/18
potato,4/21/18
PotatoFries,3/27/18
MasalaPeas,3/27/18
BagelAndCereal,4/19/18
Orange,4/21/18
whiteRice,3/27/18
Potato Capsicum,4/14/18
Shrimp,3/27/18
BrownRice,3/26/18
Bread,4/13/18
chicken,3/29/18
Daal,3/30/18
donut,3/30/18
OatMeal,3/27/18
Gulab Jamoon,4/13/18
OatMeal,4/20/18
BeefCurry,4/15/18
pulavPaneer,3/24/18
Oamlette,4/14/18
Sambar,3/26/18
Salad,3/29/18
JaggeryFudge,4/21/18
Rice,4/20/18
BrinjalCurry,4/15/18
bread,3/29/18
PotatoSalad,3/29/18
ChickenCurry,3/27/18
Eggs,3/19/18
ChocolateMilk,3/27/18
Sambar,3/27/18
Blueberry Muffins,4/23/18
bread,3/30/18
Pizza,4/15/18
Toast ,3/26/18
MarbleCreamCake,4/23/18
Sandwich,4/14/18
PorkRice,4/18/18
Tomato,4/21/18
Mushroom,4/15/18
Beans,4/14/18
Roti,3/26/18
Biryani,4/23/18
Oats,3/29/18
YellowDaal,3/26/18
CoconutRice,4/14/18
JeeraRice,3/26/18
ChickenBiriyani,4/18/18
Oamlette,4/21/18
PotatoSalad,4/23/18
kidneyBeans,4/21/18
Raita,4/15/18
Nimki,3/27/18
Toast,4/15/18
CornMushroom,4/22/18
pickle,3/27/18
Boiled Eggs,4/14/18
PotatoCurry,4/14/18
VegCurry,4/23/18
french vanilla ice cream,4/23/18
Fruits,4/19/18
KungPaoChicken,3/26/18
paneer,3/24/18
ChickenSpicy,3/26/18
coffee,3/29/18
Shrimp,3/26/18
MixedVeggies,3/26/18
Tomato,3/30/18
Black Coffee,4/14/18
ChickenCurry,3/26/18
Sweets,3/27/18
Raita,4/14/18
ScrambledEggs,4/15/18
Tea,4/20/18
MashedPotatoes,3/29/18
SamosaChatt,3/27/18
Dessert,4/14/18
CholaMasala,3/26/18
Roti,4/14/18
BrinjalRice,4/14/18
lenthilSoup,4/23/18
sandwich,4/17/18
Mango,4/23/18
Toast,4/13/18
FriedLettuce,3/19/18
Mushroom,4/14/18
Pizza,4/13/18
Sweet Potato Fry,3/26/18
ButterToast,3/27/18
Black Coffee,3/27/18
Daal,4/23/18
roti,3/29/18
BrownRice,3/27/18
PapperChicken,3/27/18
Maggie,3/27/18
roti,3/30/18
OrangeChicken,3/26/18
bhindi,3/26/18
Oamlette,3/26/18
Rice,3/19/18
Boiled Eggs,4/13/18
ChickenCurry,4/18/18
EggCurry,4/14/18
FriedRice,4/14/18
Daal,4/13/18
VegCurry,4/19/18
Samosha,3/26/18
cheeseCake,4/29/18
Corn,4/13/18
MangoYogurt,3/27/18
pulav,4/14/18
CapsicumCurry,4/14/18
milk,3/30/18
FishDry,4/15/18
ChickenMasala,3/27/18
Crispy Chicken,4/15/18
vanillaCreamCake,4/23/18
Oamlette,4/15/18
Tomato,4/23/18
Cornflakes,4/14/18
MuttonCurry,3/27/18
cheeseSandwich,4/21/18
sandwich,4/19/18
whitePeas,4/20/18
MilkChocolate,4/23/18
test,4/22/18
VegCurry,4/15/18
DicedOnions,4/21/18
Black Coffee,4/15/18
BreadWithSugar,3/29/18
FriedRice,3/26/18
Paratha,3/29/18
Milk,3/26/18
Raita,4/13/18
Bread,4/14/18
Buttermilk,4/21/18
Pakoda,4/19/18
ChocolateMilk,4/23/18
chicken,3/26/18
Sandwich,4/13/18
PotatoCurry,4/15/18
BrownRice,3/30/18
Pizza,4/14/18
Dessert,4/15/18
BreadPeanutButter,4/14/18
Chicken,4/14/18
pickle,3/24/18
MethiParatha,3/27/18
pulav,3/29/18
Yogurt,4/14/18
PotatoCurry,3/27/18
califlower,3/30/18
Chicken,4/13/18
toast,3/26/18
Grapes,4/23/18
